{"cameraMode":{"drawMode":0,"name":"Shaded","section":"Shading Mode"},"sceneLighting":true,"audioPlay":false,"sceneViewState":{"m_AlwaysRefresh":false,"showFog":true,"showSkybox":true,"showFlares":true,"showImageEffects":true,"showParticleSystems":true,"showVisualEffectGraphs":true,"m_FxEnabled":true},"in2DMode":false,"pivot":{"x":3.5684709548950197,"y":2.0286691188812258,"z":6.3484416007995609},"rotation":{"x":-0.07783033698797226,"y":0.10061587393283844,"z":-0.007895292714238167,"w":-0.9918452501296997},"size":9.883966445922852,"orthographic":false}